Matrícula;Nome;Média Disciplinas/Período;Média Avaliações/Disciplina;Média Notas Avaliações
9999123123;Alan Turing;2.000000;1.000000;9.750000
9999321321;Grace Hopper;1.000000;0.000000;0.000000
9999456456;Barbara Liskov;1.000000;0.000000;0.000000
9999654654;Donald Knuth;2.000000;2.000000;7.675000
9999789789;Tim Berners-Lee;1.000000;0.000000;0.000000
9999987987;Ada Lovelace;2.000000;1.000000;5.900000
